Max Temperature (°C),Min Temperature (°C),Mean Temperature (°C),Median Temperature (°C),Standard Deviation (°C),% Pixels Above 22°C,% Pixels Above 40°C,Max Temperature Location,PM1_0_CU,PM2_5_CU,PM10_CU,PM1_0_CU_ae,PM2_5_CU_ae,PM10_CU_ae,particles_beyond_0_3,particles_beyond_0_5,particles_beyond_1_0,particles_beyond_2_5,particles_beyond_5_0,particles_beyond_10,Min Value,Max Value,Range,Mean,Mean_Red,Mean_Green,Mean_Blue,L*,a*,b*,Dist_White,Dist_Gray
49.62069,23.835993,30.771193,27.449274,6.824009,100.0,13.411458333333334,"(np.int64(13), np.int64(18))",0.0,0.0,0.0,0.0,0.0,0.0,145.8,45.0,0.0,0.0,0.0,0.0,42.133915,43.079014,0.945098999999999,42.5901352,156.9070936056723,70.90649190138555,86.17059129642881,41.7190048280658,37.30303774947433,8.49684013346523,268.35798339557266,76.45252226201599
55.257378,24.259424,33.995205,28.657846,9.503151,100.0,24.609375,"(np.int64(12), np.int64(19))",0.0,0.0,0.0,0.0,0.0,0.0,135.6,38.8,3.0,0.0,0.0,0.0,60.107094,61.600471,1.4933770000000024,60.76748640000001,170.19825343134067,115.92581148767319,160.8706661029077,55.66741483598183,28.633907723694886,-15.485329633617498,188.13106503543648,54.83574847611461
56.192345,24.912745,34.071728,29.054163,9.219898,100.0,23.697916666666664,"(np.int64(13), np.int64(18))",0.0,0.0,0.0,0.0,0.0,0.0,139.8,45.0,0.0,0.0,0.0,0.0,55.556824,56.790165,1.233341000000003,56.10450519999999,152.01213165940285,93.25346386521824,120.4571163728615,46.840987495293554,27.919794247209822,-5.112027481247196,234.2439551229576,42.90453744776589
60.802544,26.04098,36.699493,30.467539,11.061369,100.0,29.817708333333332,"(np.int64(14), np.int64(15))",0.0,0.0,0.0,0.0,0.0,0.0,129.0,35.666666666666664,3.0,0.0,0.0,0.0,89.512115,90.488541,0.9764260000000036,89.94933066666665,160.06729330644637,120.53122357379821,166.65502829636375,55.861800480569975,23.6559095436526,-18.61805785544756,186.81248528682553,50.77701383400692
