Max Temperature (°C),Min Temperature (°C),Mean Temperature (°C),Median Temperature (°C),Standard Deviation (°C),% Pixels Above 22°C,% Pixels Above 40°C,Max Temperature Location,PM1_0_CU,PM2_5_CU,PM10_CU,PM1_0_CU_ae,PM2_5_CU_ae,PM10_CU_ae,particles_beyond_0_3,particles_beyond_0_5,particles_beyond_1_0,particles_beyond_2_5,particles_beyond_5_0,particles_beyond_10,Min Value,Max Value,Range,Mean,Mean_Red,Mean_Green,Mean_Blue,L*,a*,b*,Dist_White,Dist_Gray
49.62069,23.835993,30.771193,27.449274,6.824009,100.0,13.411458333333334,"(np.int64(13), np.int64(18))",0.0,0.0,0.0,0.0,0.0,0.0,145.8,45.0,0.0,0.0,0.0,0.0,42.133915,43.079014,0.945098999999999,42.5901352,156.9070936056723,70.90649190138555,86.17059129642881,41.7190048280658,37.30303774947433,8.49684013346523,268.35798339557266,76.45252226201599
56.192345,24.912745,34.071728,29.054163,9.219898,100.0,23.697916666666664,"(np.int64(13), np.int64(18))",0.0,0.0,0.0,0.0,0.0,0.0,139.8,45.0,0.0,0.0,0.0,0.0,55.556824,56.790165,1.233341000000003,56.10450519999999,152.01213165940285,93.25346386521824,120.4571163728615,46.840987495293554,27.919794247209822,-5.112027481247196,234.2439551229576,42.90453744776589
58.934807,24.418695,32.1707,27.777018,9.125948,100.0,18.489583333333336,"(np.int64(11), np.int64(19))",3.6,4.6,4.6,3.6,4.6,4.6,716.4,212.8,25.6,0.0,0.0,0.0,5.291475,15.902758,10.611283,10.0374598,166.40512587003187,95.96667859233722,126.0578449229168,49.47293000211987,32.785008943878715,-3.875978381493549,223.0845767774645,50.04856980816792
57.047203,26.98614,35.75095,31.233881,8.810772,100.0,24.609375,"(np.int64(12), np.int64(19))",0.2,0.2,0.2,0.2,0.2,0.2,208.2,56.6,2.4,0.0,0.0,0.0,47.507179,48.198673,0.6914939999999987,47.8019872,167.35214336824302,93.64169322838744,118.1803161386847,48.8709150402734,33.02419064735302,-0.533286861798417,228.99405194950612,53.155532383968904
