Max Temperature (°C),Min Temperature (°C),Mean Temperature (°C),Median Temperature (°C),Standard Deviation (°C),% Pixels Above 22°C,% Pixels Above 40°C,Max Temperature Location,PM1_0_CU,PM2_5_CU,PM10_CU,PM1_0_CU_ae,PM2_5_CU_ae,PM10_CU_ae,particles_beyond_0_3,particles_beyond_0_5,particles_beyond_1_0,particles_beyond_2_5,particles_beyond_5_0,particles_beyond_10,Min Value,Max Value,Range,Mean,Mean_Red,Mean_Green,Mean_Blue,L*,a*,b*,Dist_White,Dist_Gray
55.475487,23.227076,30.965385,26.600183,8.748931,100.0,17.447916666666664,"(np.int64(10), np.int64(19))",2.6,3.0,3.0,2.6,3.0,3.0,694.8,212.0,6.4,0.0,0.0,0.0,5.358947,17.729519,12.370572,10.952962249999999,163.043290184089,100.15323944578157,134.60827424705653,50.26568916313787,30.71402733263006,-7.729683508164101,216.62807612143695,45.24537046830928
58.241203,23.313501,30.712051,26.571024,8.637585,100.0,15.625,"(np.int64(11), np.int64(16))",3.6,4.6,4.6,3.6,4.6,4.6,754.8,224.4,11.8,1.0,1.0,0.0,10.758907,26.179863,15.420956,17.561725850000002,173.53769596045015,98.58083978403695,131.83492161581995,51.16093902620783,34.72538845433298,-4.821288425720454,215.11089511105752,54.34956637360029
